employee_id,age,department,city,years_experience,salary,performance_score,overtime_hours,satisfaction_rating,remote_ratio,attrition
EMP1357,36,Marketing,Hyderabad,10,77263.14,6.56,12.2,,50,No
EMP1337,32,HR,Hyderabad,11,58295.81,7.89,2.1,9.1,100,No
EMP1327,23,Marketing,Pune,1,,6.21,1.8,5.36,50,Yes
EMP1013,32,Engineering,Pune,14,126216.87,7.14,9.8,3.99,0,No
EMP1418,29,HR,Hyderabad,7,50843.04,7.88,6.0,6.71,100,No
EMP1403,43,Finance,Pune,23,162252.38,9.08,6.0,6.23,0,No
EMP1479,33,Marketing,Chennai,13,82087.35,8.22,5.9,5.95,100,Yes
EMP1173,32,Engineering,Mumbai,10,92605.22,7.34,6.1,6.97,0,No
EMP1065,39,Marketing,Mumbai,16,99419.09,7.99,4.8,7.25,75,No
EMP1466,28,Engineering,Pune,4,65543.58,7.01,13.8,4.68,25,No
EMP1388,23,Finance,Delhi,0,35152.75,5.38,5.7,3.97,75,No
EMP1227,21,Sales,Bangalore,4,49672.5,6.85,0.9,5.46,100,No
EMP1442,21,Sales,Mumbai,0,24588.16,6.58,6.8,6.18,50,No
EMP1109,23,Engineering,Delhi,0,50264.43,5.07,6.7,8.45,50,No
EMP1256,40,Operations,Pune,18,97733.7,8.3,1.5,7.69,50,No
EMP1472,21,Engineering,Hyderabad,2,52478.96,5.43,13.2,,100,No
EMP1301,40,Marketing,Pune,18,101292.49,9.63,5.9,6.52,75,No
EMP1303,38,Marketing,Hyderabad,19,114500.77,7.69,1.1,5.78,50,No
EMP1032,49,Engineering,Bangalore,33,227740.4,9.93,3.1,6.67,100,No
EMP1294,21,Engineering,Delhi,2,66973.24,4.41,1.2,5.1,75,No
EMP1476,25,Engineering,Delhi,1,37088.11,7.15,3.6,,50,No
EMP1340,25,Sales,Bangalore,6,53420.42,5.33,1.6,7.59,100,No
EMP1202,21,Engineering,Pune,3,55619.39,7.04,3.2,7.42,25,No
EMP1245,33,Operations,Mumbai,14,72266.41,8.64,0.1,8.83,25,No
EMP1147,32,Marketing,Hyderabad,10,64000.3,5.45,14.3,4.53,0,No
EMP1416,29,Engineering,Hyderabad,11,622001.8952476287,6.93,11.3,5.91,75,Yes
EMP1306,29,Marketing,Delhi,12,86203.67,8.44,5.3,6.96,50,No
EMP1047,28,Marketing,Chennai,9,72185.1,6.96,1.8,,100,No
EMP1213,32,Engineering,Delhi,13,117374.9,7.52,11.7,7.35,75,No
EMP1289,39,Marketing,Pune,18,108718.56,9.79,9.6,6.56,100,No
EMP1361,38,Marketing,Bangalore,15,95542.94,7.33,11.8,4.42,0,Yes
EMP1300,33,Engineering,,7,86763.37,6.45,12.8,5.46,50,No
EMP1089,24,Sales,Mumbai,4,52423.76,8.18,1.1,6.67,0,Yes
EMP1455,21,Sales,Delhi,0,28319.63,4.87,0.8,9.87,50,No
EMP1268,28,Sales,Pune,7,,8.54,7.4,7.44,100,No
EMP1118,30,Finance,Hyderabad,11,95083.88,7.69,5.9,7.45,100,No
EMP1496,21,Marketing,Mumbai,2,31364.29,7.14,4.1,5.34,25,No
EMP1450,27,Finance,Delhi,5,,4.94,9.0,4.55,75,No
EMP1319,33,Engineering,Bangalore,11,109891.12,,1.7,7.4,100,Yes
EMP1240,36,Operations,Hyderabad,13,,7.16,2.1,9.03,50,No
EMP1090,25,Engineering,Chennai,0,44016.07,4.18,0.2,9.43,50,No
EMP1376,44,Finance,Chennai,21,,7.7,1.7,6.71,25,No
EMP1138,37,Sales,Chennai,17,107030.89,7.68,5.5,6.39,100,No
EMP1101,21,Marketing,Pune,1,29874.86,7.1,12.1,5.87,0,No
EMP1459,31,Engineering,Chennai,7,76491.91,5.74,1.6,6.29,75,Yes
EMP1429,21,Engineering,Delhi,0,38177.92,6.46,0.2,8.86,50,No
EMP1313,36,Operations,Bangalore,15,82351.55,7.32,1.9,7.1,100,No
EMP1359,30,Marketing,Mumbai,9,60060.67,4.67,0.0,8.01,50,No
EMP1155,29,Engineering,Bangalore,10,90294.34,6.14,0.8,7.81,75,No
EMP1367,36,Operations,Chennai,15,91840.94,8.35,14.2,5.85,50,No
EMP1296,40,Finance,Delhi,21,140325.63,8.05,3.1,4.81,100,Yes
EMP1271,34,Finance,Delhi,12,105075.54,7.12,7.1,7.2,100,No
EMP1410,41,Sales,Bangalore,19,126705.67,9.2,0.5,6.38,100,No
EMP1364,35,Operations,Chennai,14,90203.69,7.0,1.0,7.57,50,No
EMP1436,44,Engineering,Pune,24,179967.35,9.58,1.2,8.29,50,No
EMP1358,33,Operations,Mumbai,12,73567.69,7.22,1.0,6.93,50,No
EMP1115,42,Finance,Bangalore,18,140165.8,9.47,12.4,5.7,25,No
EMP1464,33,Operations,Mumbai,13,85870.27,6.3,2.7,6.88,100,No
EMP1051,21,Finance,Mumbai,0,33704.54,6.53,13.9,5.59,100,No
EMP1270,43,Finance,Delhi,22,158351.66,9.37,4.8,9.35,75,No
EMP1493,33,Engineering,Delhi,8,88948.5,5.43,1.6,8.78,75,No
EMP1263,28,Marketing,Chennai,6,57881.3,5.83,4.7,8.6,75,No
EMP1060,34,Sales,Hyderabad,14,95146.66,8.57,4.3,7.21,25,No
EMP1340,25,Sales,Bangalore,6,53420.42,5.33,1.6,7.59,100,No
EMP1164,41,Engineering,Chennai,17,138129.65,8.68,18.5,5.67,0,No
EMP1204,30,Marketing,Delhi,9,66101.81,8.09,4.1,8.2,75,No
EMP1420,44,Finance,Hyderabad,21,138576.43,8.16,10.0,8.26,75,No
EMP1132,35,Engineering,Hyderabad,18,139820.01,7.08,14.1,7.73,75,No
EMP1322,29,HR,Hyderabad,8,57158.2,7.94,0.2,7.58,50,No
EMP1308,21,Finance,Mumbai,1,42215.31,7.17,4.1,9.19,0,No
EMP1082,32,Sales,Delhi,9,77037.89,7.57,5.2,6.38,75,No
EMP1440,35,Engineering,Bangalore,17,133820.9,7.59,5.8,,0,No
EMP1354,22,Engineering,Mumbai,3,56847.76,5.99,1.6,7.44,75,No
EMP1237,27,Engineering,Mumbai,4,55145.13,5.41,1.5,7.03,25,No
EMP1168,41,Engineering,Bangalore,18,146019.22,9.79,0.4,8.03,0,Yes
EMP1471,21,Operations,Pune,1,41006.26,4.42,2.0,6.01,0,No
EMP1030,39,Marketing,Mumbai,21,113662.44,7.76,5.6,5.88,100,Yes
EMP1022,41,Engineering,Mumbai,21,165759.0,10.0,6.9,4.9,100,No
EMP1344,39,Sales,Chennai,17,100669.96,8.68,0.5,6.07,50,No
EMP1031,25,Engineering,Hyderabad,4,68268.63,6.79,0.0,,100,No
EMP1453,21,Operations,Delhi,0,25357.33,8.75,4.2,6.27,0,No
EMP1052,33,Operations,Hyderabad,14,87985.46,6.62,2.7,8.73,75,No
EMP1480,29,Marketing,Pune,9,68464.47,7.46,5.2,8.22,0,No
EMP1372,47,Engineering,Pune,25,187868.86,8.75,6.3,7.24,50,No
EMP1243,39,Sales,Bangalore,17,111854.48,7.16,2.1,5.34,50,No
EMP1236,22,Engineering,Delhi,0,30163.51,6.29,7.7,7.78,50,No
EMP1056,32,Engineering,Bangalore,13,109339.35,7.87,5.1,6.54,50,No
EMP1363,43,Marketing,Delhi,20,116030.43,9.52,1.6,7.91,0,No
EMP1002,29,HR,Chennai,9,59289.34,6.93,7.7,6.2,25,Yes
EMP1058,21,Engineering,Mumbai,0,46912.48,6.46,5.6,7.92,0,No
EMP1368,36,Engineering,Bangalore,12,96582.56,9.01,7.7,7.37,0,Yes
EMP1228,33,Finance,Mumbai,15,119182.13,7.0,9.6,6.89,100,Yes
EMP1261,25,Operations,Pune,4,36589.5,6.55,14.8,3.95,100,Yes
EMP1206,27,Engineering,Bangalore,5,73489.71,5.17,5.4,5.57,100,No
EMP1074,28,HR,Bangalore,6,49861.04,5.99,14.9,5.83,50,No
EMP1399,30,Finance,Hyderabad,12,102508.64,7.02,4.4,6.9,25,No
EMP1302,28,Marketing,Pune,7,57892.03,7.44,4.7,7.51,0,No
EMP1413,22,Marketing,Pune,0,28349.14,7.63,0.5,7.29,50,No
EMP1408,43,Operations,Hyderabad,21,113961.27,9.16,1.5,7.84,100,No
EMP1080,32,Finance,Mumbai,10,85240.75,8.33,5.0,5.86,75,Yes
EMP1451,23,Marketing,Mumbai,1,30020.44,7.94,2.2,6.36,50,No
EMP1026,22,Engineering,,0,40700.59,6.3,8.8,6.86,25,No
EMP1355,24,Marketing,Hyderabad,0,26790.56,4.16,2.1,6.05,0,No
EMP1460,43,Engineering,Delhi,21,156217.27,7.37,1.1,7.1,100,No
EMP1120,34,Finance,Delhi,12,101707.93,8.39,3.5,7.65,0,No
EMP1346,30,Marketing,Delhi,11,80431.57,7.63,3.9,7.85,50,No
EMP1457,39,Sales,Hyderabad,20,125489.21,7.48,7.2,7.54,50,Yes
EMP1159,30,HR,Pune,12,75668.57,7.26,0.1,,100,No
EMP1249,39,Finance,Hyderabad,19,139075.0,7.72,4.4,7.57,100,No
EMP1050,38,Operations,Pune,17,97068.16,8.45,0.0,9.67,75,No
EMP1378,44,Finance,Bangalore,19,135315.45,9.48,0.6,5.91,25,No
EMP1293,27,Sales,Mumbai,6,56606.91,7.61,7.0,8.73,100,No
EMP1014,48,Engineering,Bangalore,25,179106.0,10.0,7.7,7.21,75,No
EMP1328,22,Sales,Mumbai,0,32333.63,6.81,4.8,5.56,75,No
EMP1488,33,Operations,Chennai,14,94332.18,9.31,16.4,4.47,0,No
EMP1114,29,Marketing,Pune,11,77291.96,7.38,1.3,6.92,100,Yes
EMP1145,39,Engineering,Mumbai,16,130066.95,6.12,3.2,3.63,0,Yes
EMP1003,33,Marketing,Chennai,13,79689.07,7.98,7.4,7.23,25,No
EMP1447,24,Finance,Bangalore,3,50822.45,7.41,0.3,9.91,50,No
EMP1059,26,Sales,Chennai,4,50567.48,7.03,0.7,,0,No
EMP1422,34,Engineering,Delhi,13,110894.15,7.23,10.3,5.9,50,No
EMP1165,29,Finance,Delhi,4,54648.62,5.37,0.9,6.38,25,No
EMP1221,40,Marketing,Chennai,18,120885.78,7.89,17.6,5.75,25,No
EMP1098,27,Engineering,Pune,7,79350.64,7.5,3.0,6.77,0,No
EMP1435,21,HR,Mumbai,0,26271.59,,3.7,6.34,0,No
EMP1040,26,Engineering,Bangalore,5,69679.92,6.09,0.1,9.77,0,No
EMP1248,32,Operations,Pune,12,71289.75,9.39,3.7,5.28,0,Yes
EMP1041,38,Sales,Chennai,16,99855.79,7.35,0.4,,0,No
EMP1264,33,Finance,Mumbai,17,128654.16,9.46,12.9,4.74,50,Yes
EMP1193,36,Marketing,Delhi,14,88384.02,,5.5,7.78,25,Yes
EMP1205,26,Engineering,Hyderabad,8,78374.89,6.77,5.8,6.75,75,No
EMP1079,25,Engineering,Mumbai,6,71203.72,4.8,41.010149416645646,4.72,25,No
EMP1028,34,Marketing,Bangalore,7,53136.42,4.46,13.6,6.61,75,No
EMP1217,28,HR,Pune,8,58386.15,6.6,6.7,5.38,100,Yes
EMP1347,32,Engineering,Hyderabad,12,115378.56,5.28,20.9,3.1,100,No
EMP1244,30,Engineering,Bangalore,12,106826.13,8.81,22.3,3.89,100,No
EMP1281,30,Sales,Chennai,13,96309.53,8.07,5.2,7.52,0,No
EMP1057,32,Engineering,Bangalore,11,113424.39,8.37,6.6,6.74,100,Yes
EMP1397,29,Sales,Chennai,9,69651.83,7.48,1.2,8.42,50,No
EMP1062,37,Finance,Chennai,17,125354.53,7.55,10.1,5.4,0,Yes
EMP1380,49,Engineering,Hyderabad,28,206334.09,9.62,6.5,6.61,50,Yes
EMP1111,30,Engineering,Pune,8,89775.36,7.99,4.5,6.63,75,No
EMP1084,44,Sales,Pune,24,136111.75,9.32,0.4,7.49,0,No
EMP1242,26,Operations,Delhi,7,53281.45,6.95,4.3,7.26,25,No
EMP1200,35,Marketing,Mumbai,17,88912.97,6.81,0.1,8.09,50,No
EMP1146,26,Marketing,Mumbai,6,41562.83,6.85,0.3,8.62,25,No
EMP1188,36,Marketing,Hyderabad,13,90725.92,8.14,2.3,5.74,100,No
EMP1129,21,Marketing,Pune,0,34045.27,5.84,5.9,7.25,0,No
EMP1305,36,Operations,Mumbai,17,90007.28,7.65,4.2,6.77,75,No
EMP1096,41,Marketing,Mumbai,23,124923.12,8.44,0.1,8.59,25,No
EMP1318,23,Engineering,Hyderabad,4,69529.68,,2.7,7.27,75,No
EMP1417,36,Sales,Delhi,21,120330.82,7.85,7.7,5.94,100,No
EMP1469,37,Operations,Mumbai,14,92888.03,7.94,5.3,,50,No
EMP1141,31,Engineering,Delhi,14,122423.31,6.93,4.0,6.39,50,No
EMP1454,36,Engineering,Delhi,17,136240.16,9.38,1.0,8.73,0,No
EMP1426,26,Sales,Mumbai,4,53747.12,5.14,1.4,,0,No
EMP1362,42,Sales,Pune,19,118889.72,8.38,5.2,7.09,50,No
EMP1162,31,Marketing,Chennai,9,67951.88,6.88,2.2,8.11,100,No
EMP1216,36,Sales,Chennai,16,109480.04,,3.6,6.81,75,No
EMP1324,27,Operations,Chennai,8,58781.36,6.93,4.5,,50,No
EMP1238,28,Marketing,Bangalore,6,49959.02,6.6,14.0,6.04,75,Yes
EMP1406,29,Sales,,7,58600.31,6.58,14.3,5.43,25,No
EMP1081,34,Marketing,Bangalore,12,78281.92,7.17,0.3,7.58,0,No
EMP1486,32,Engineering,Bangalore,9,95895.43,7.0,2.9,7.81,75,No
EMP1314,35,Finance,Hyderabad,13,110627.29,7.56,6.9,7.29,25,No
EMP1187,32,Marketing,Mumbai,10,78779.09,6.9,1.7,7.59,0,No
EMP1425,31,Marketing,Mumbai,11,78672.97,6.25,4.1,7.44,50,No
EMP1298,31,Marketing,Delhi,8,,5.28,12.3,5.38,75,No
EMP1179,42,Engineering,,21,167277.97,10.0,1.9,9.22,50,No
EMP1438,22,HR,Pune,0,28072.0,5.11,4.3,6.69,0,No
EMP1053,39,Finance,Hyderabad,18,132355.5,,2.6,8.94,100,No
EMP1395,22,Operations,Hyderabad,0,30206.25,6.72,2.2,8.56,50,No
EMP1139,43,Operations,Mumbai,21,109702.24,7.7,11.1,5.86,100,No
EMP1267,36,HR,Delhi,16,80784.93,6.8,0.0,8.9,75,No
EMP1278,30,HR,Pune,11,69850.31,6.36,5.6,5.99,0,No
EMP1066,34,Engineering,Hyderabad,12,113539.23,6.6,5.0,7.77,75,No
EMP1424,27,Engineering,Bangalore,7,,8.6,6.9,7.1,75,No
EMP1259,29,Engineering,Mumbai,9,95893.83,6.92,1.7,8.65,50,No
EMP1365,31,Sales,Hyderabad,8,65068.18,7.92,1.7,7.7,100,No
EMP1220,36,HR,Delhi,13,82210.4,7.53,2.6,7.53,75,No
EMP1099,32,Engineering,Delhi,11,102256.9,7.86,3.0,6.79,100,No
EMP1277,33,Marketing,Pune,13,,8.1,3.2,8.12,75,No
EMP1148,41,Engineering,Bangalore,18,156722.34,8.94,0.4,8.73,75,No
EMP1015,21,Engineering,Mumbai,3,57613.72,5.57,2.8,8.48,75,No
EMP1163,31,Marketing,Hyderabad,11,80487.3,7.25,1.8,6.9,25,No
EMP1283,29,Engineering,Mumbai,8,,6.72,5.5,5.06,75,Yes
EMP1046,27,Sales,Delhi,5,52848.9,7.13,6.1,6.96,50,No
EMP1086,26,HR,Hyderabad,7,50246.88,6.48,6.9,7.14,100,No
EMP1037,34,Engineering,Chennai,9,85363.94,7.2,11.1,6.13,75,No
EMP1414,27,Marketing,Hyderabad,7,58059.83,6.57,4.4,7.82,25,No
EMP1384,36,HR,Pune,10,58914.66,7.58,8.6,,50,No
EMP1330,22,Sales,Chennai,3,45245.86,7.72,3.5,8.71,75,No
EMP1172,39,Marketing,Hyderabad,14,93609.75,5.24,8.8,8.52,50,No
EMP1073,39,Finance,Delhi,17,129300.78,10.0,3.5,7.49,0,No
EMP1274,30,Marketing,Pune,9,66025.99,,13.7,6.06,25,No
EMP1104,29,Operations,Bangalore,12,78878.05,8.19,10.7,5.14,25,No
EMP1212,31,HR,Hyderabad,9,52876.53,7.24,3.6,7.61,0,No
EMP1253,46,Sales,,23,124471.97,7.78,0.3,9.4,0,No
EMP1016,33,Sales,Hyderabad,10,67171.64,7.66,1.1,7.36,75,No
EMP1310,40,Sales,Chennai,19,108576.77,10.0,9.0,5.73,75,No
EMP1091,30,HR,Chennai,13,85509.26,6.8,4.3,5.85,50,No
EMP1088,36,Finance,Pune,14,114304.35,8.17,2.7,6.39,100,No
EMP1427,31,Finance,Mumbai,10,92865.66,7.11,2.8,9.69,0,No
EMP1140,26,Operations,Pune,8,58423.51,7.67,1.8,7.99,100,No
EMP1194,26,Sales,Pune,4,50258.16,6.27,1.1,7.55,0,No
EMP1102,28,Sales,Bangalore,4,52149.81,5.82,5.1,9.26,75,No
EMP1258,28,Marketing,Pune,7,61139.13,7.46,1.1,7.88,25,No
EMP1174,21,Marketing,Chennai,1,36828.52,5.72,4.8,8.71,50,No
EMP1170,38,HR,Pune,14,83257.46,7.5,1.6,8.28,0,No
EMP1246,36,Sales,Mumbai,15,98128.76,8.81,1.5,8.11,100,No
EMP1157,28,Finance,Bangalore,9,77885.48,8.04,5.0,5.73,100,Yes
EMP1070,30,Finance,Chennai,6,75689.78,6.71,9.9,5.35,25,Yes
EMP1133,25,Sales,Pune,5,47845.59,8.41,7.5,8.2,50,No
EMP1280,40,Finance,Pune,21,157722.2,9.58,0.2,9.69,0,Yes
EMP1497,39,Engineering,Pune,21,157152.97,7.23,0.1,8.97,25,No
EMP1371,31,Engineering,Hyderabad,9,86479.49,8.91,1.4,8.89,25,No
EMP1222,33,Engineering,Chennai,10,99743.9,7.59,13.5,5.87,75,No
EMP1342,41,Engineering,Mumbai,17,136082.71,7.14,1.9,8.19,100,No
EMP1350,40,Marketing,Hyderabad,17,93211.99,7.53,1.1,7.57,100,No
EMP1352,39,HR,Delhi,17,88178.63,7.83,1.4,9.73,50,No
EMP1491,34,Marketing,Chennai,12,89707.9,8.17,3.8,6.77,75,Yes
EMP1232,42,Marketing,Delhi,22,130123.18,9.38,4.6,8.32,50,No
EMP1018,28,Sales,Bangalore,5,65218.34,6.71,6.7,7.0,0,No
EMP1177,21,Sales,Chennai,0,23974.98,7.25,7.6,6.71,100,No
EMP1386,28,Engineering,Mumbai,8,88198.94,8.45,3.3,6.89,0,No
EMP1020,26,Marketing,Pune,3,40854.49,5.05,5.5,5.29,75,No
EMP1055,36,Operations,Hyderabad,12,78643.19,7.22,0.4,7.26,50,No
EMP1284,37,Marketing,Bangalore,16,93507.35,7.67,3.2,8.8,0,No
EMP1423,21,Sales,Hyderabad,0,37085.22,5.99,7.8,7.92,0,No
EMP1360,33,Sales,Pune,10,71491.46,,0.3,,50,No
EMP1034,28,Operations,Pune,4,40182.89,7.03,1.8,8.06,75,No
EMP1181,38,Engineering,Hyderabad,12,105106.92,9.28,1.0,9.39,100,No
EMP1184,30,Engineering,Delhi,10,89127.78,7.02,20.7,5.35,75,No
EMP1150,38,Operations,Bangalore,16,97595.08,5.68,3.8,7.77,25,No
EMP1207,38,HR,Bangalore,14,77373.02,8.28,0.6,9.02,75,No
EMP1239,32,Engineering,Chennai,13,112831.91,6.84,11.2,6.11,100,No
EMP1292,46,Finance,Delhi,23,150575.94,8.49,7.9,8.63,100,No
EMP1369,41,Engineering,Pune,23,182553.29,8.18,3.1,8.05,25,No
EMP1295,42,Marketing,Chennai,22,116327.71,8.59,2.0,6.58,50,Yes
EMP1097,33,Sales,Mumbai,10,73589.91,8.3,0.9,10.0,100,No
EMP1235,40,HR,Chennai,20,104090.94,8.89,2.3,6.46,25,No
EMP1396,35,Finance,Pune,13,109216.43,7.57,0.2,6.86,50,No
EMP1452,42,Sales,Delhi,21,116019.1,9.73,12.2,7.46,50,No
EMP1154,33,Operations,Hyderabad,13,67728.22,7.73,0.0,8.82,25,No
EMP1122,36,Sales,Chennai,15,91897.89,10.0,5.8,7.69,75,No
EMP1113,40,Finance,Delhi,22,152320.71,9.85,0.3,6.47,100,No
EMP1441,30,Operations,Pune,11,72056.78,7.19,11.4,8.13,50,No
EMP1341,43,Sales,Delhi,22,130680.8,10.0,0.8,9.57,75,No
EMP1171,21,Engineering,Bangalore,0,,4.03,0.5,8.39,0,No
EMP1108,37,Engineering,Bangalore,19,152945.8,6.87,0.4,8.32,0,No
EMP1078,33,Sales,Pune,14,86431.67,8.92,0.6,7.96,75,No
EMP1094,39,Finance,Pune,19,134717.59,9.16,0.3,7.81,100,No
EMP1061,27,Engineering,Pune,8,87712.21,4.84,4.2,7.7,0,No
EMP1336,34,Finance,Pune,15,119351.61,7.31,3.9,6.01,100,No
EMP1465,29,Sales,Hyderabad,11,75383.2,9.31,4.6,7.27,50,No
EMP1125,31,Sales,Delhi,13,86157.09,7.01,10.8,2.84,100,Yes
EMP1478,32,Operations,Chennai,9,61090.7,7.48,0.2,7.3,25,No
EMP1394,29,Sales,Delhi,13,87938.23,7.46,2.5,8.4,0,No
EMP1485,23,Operations,Chennai,0,26786.48,3.93,1.9,7.34,75,No
EMP1421,41,Finance,Delhi,17,134493.11,9.26,1.3,9.33,25,No
EMP1273,28,Operations,Delhi,5,41244.85,6.9,6.1,8.13,75,No
EMP1409,21,Engineering,Mumbai,3,52530.11,6.72,7.6,7.45,0,Yes
EMP1024,29,Sales,Hyderabad,10,80017.49,7.14,6.1,6.91,25,No
EMP1321,24,HR,Chennai,3,42045.52,3.93,1.7,8.97,75,No
EMP1430,45,Engineering,Bangalore,22,169560.84,9.0,7.6,6.66,50,No
EMP1499,24,Operations,Bangalore,1,32938.64,6.65,0.8,8.46,0,No
EMP1126,32,Finance,Delhi,13,113360.85,6.69,0.7,9.38,100,No
EMP1498,34,Operations,Bangalore,14,83806.91,8.29,11.9,7.63,75,No
EMP1490,29,Sales,Bangalore,5,56700.05,7.92,6.9,6.53,50,No
EMP1178,33,Operations,Pune,11,74489.65,7.37,1.8,7.23,50,No
EMP1434,26,Engineering,Delhi,3,52509.03,5.61,0.1,9.11,25,No
EMP1377,29,Engineering,Chennai,9,95711.2,6.18,1.8,,100,No
EMP1223,22,Sales,Hyderabad,0,24851.83,6.04,6.8,8.15,0,Yes
EMP1351,27,Finance,Pune,8,75412.25,4.89,0.9,7.55,50,No
EMP1093,36,Marketing,Hyderabad,17,112347.39,8.21,14.9,6.39,100,No
EMP1069,28,Operations,Pune,2,29037.61,6.02,3.4,6.52,25,No
EMP1036,30,Sales,Mumbai,9,67880.02,5.57,16.2,4.28,0,No
EMP1160,35,Sales,Hyderabad,15,98160.68,7.53,8.8,5.28,50,No
EMP1011,27,Operations,Mumbai,4,725541.728219493,6.46,8.7,5.98,0,Yes
EMP1144,37,Engineering,Mumbai,18,155782.22,6.87,0.9,6.83,100,Yes
EMP1353,33,Engineering,Pune,10,94011.33,7.16,6.2,6.76,75,No
EMP1127,24,Finance,Hyderabad,2,45442.38,6.89,1.1,6.99,25,No
EMP1381,29,HR,Mumbai,9,64576.28,7.12,14.1,6.58,50,No
EMP1009,38,HR,Hyderabad,15,87546.55,8.0,2.7,6.41,50,No
EMP1463,29,Marketing,Pune,8,59074.33,6.27,0.4,8.8,75,No
EMP1176,42,HR,Chennai,22,113743.15,9.13,3.3,10.0,50,No
EMP1231,39,Marketing,Bangalore,18,106005.86,10.0,11.7,7.95,0,No
EMP1210,34,Marketing,Mumbai,14,93940.08,8.92,6.0,5.72,25,Yes
EMP1128,34,Engineering,Bangalore,16,139607.83,8.91,1.2,10.0,0,No
EMP1143,27,Sales,Chennai,7,53833.63,6.98,2.7,7.79,75,No
EMP1241,31,Operations,Pune,11,,9.19,6.5,7.9,100,No
EMP1007,34,Finance,Delhi,13,102552.73,7.18,3.1,6.74,50,No
EMP1254,35,Engineering,Hyderabad,15,124168.79,6.36,2.4,6.74,50,No
EMP1370,47,Engineering,Mumbai,27,193115.07,10.0,10.0,5.67,50,No
EMP1334,38,Engineering,Delhi,15,121950.86,8.66,3.0,6.39,100,Yes
EMP1008,27,Marketing,Hyderabad,7,54368.93,7.29,1.5,6.4,50,No
EMP1156,33,HR,Delhi,15,80413.24,8.51,1.2,9.21,75,No
EMP1027,42,Marketing,Chennai,20,111287.66,9.09,11.7,7.43,50,No
EMP1266,32,HR,Hyderabad,14,80516.31,8.33,4.5,8.54,25,No
EMP1064,42,Engineering,Chennai,21,157234.34,9.91,2.3,7.47,50,No
EMP1255,36,Marketing,Pune,13,80692.47,8.99,1.3,7.75,0,No
EMP1467,28,Finance,Chennai,7,67667.59,7.25,1.9,9.19,100,No
EMP1153,39,Sales,Hyderabad,18,114877.23,8.65,0.6,7.57,100,No
EMP1048,50,Marketing,Hyderabad,25,133089.81,8.91,0.7,8.12,0,No
EMP1208,34,Engineering,Pune,14,117206.85,7.01,8.0,7.56,25,No
EMP1287,28,Marketing,Delhi,9,76814.49,6.71,4.9,7.19,25,No
EMP1001,32,Operations,Chennai,12,70412.73,7.96,20.5,3.1,25,No
EMP1269,36,Engineering,Bangalore,13,117874.07,7.55,6.1,6.88,25,No
EMP1265,31,HR,Mumbai,10,70051.04,7.9,7.7,7.01,100,No
EMP1326,31,Marketing,Mumbai,7,55356.02,8.33,1.1,7.44,50,No
EMP1333,25,Engineering,Delhi,8,81437.42,4.97,2.1,8.51,75,No
EMP1095,36,Sales,Bangalore,16,112456.42,7.77,5.8,9.25,75,No
EMP1462,30,HR,Chennai,8,46660.88,6.47,5.7,6.5,50,No
EMP1489,33,Finance,Hyderabad,11,97564.88,9.74,2.9,9.22,25,No
EMP1316,24,Sales,Delhi,2,39395.0,6.71,0.5,8.98,100,No
EMP1116,35,Finance,Mumbai,17,121670.33,7.44,4.8,,75,No
EMP1045,21,HR,Pune,0,22665.2,5.01,12.4,5.39,50,No
EMP1161,28,Marketing,Pune,5,56528.09,6.82,2.3,8.39,100,No
EMP1385,35,Finance,Mumbai,15,129188.85,8.59,1.0,10.0,25,No
EMP1117,31,Engineering,,12,113130.45,7.39,1.4,6.83,100,No
EMP1288,37,Engineering,Hyderabad,16,132693.9,9.52,1.6,6.59,0,Yes
EMP1077,35,Engineering,Pune,11,97656.66,6.9,10.0,6.99,100,No
EMP1487,33,Engineering,Delhi,10,106363.96,7.74,11.5,5.03,0,No
EMP1063,35,Sales,Pune,13,89986.55,8.03,2.4,6.48,100,No
EMP1401,37,Operations,Mumbai,14,80925.64,8.4,10.3,5.01,25,Yes
EMP1389,40,Finance,Hyderabad,22,155547.99,7.58,15.0,7.37,25,No
EMP1230,31,Finance,Hyderabad,9,90710.62,7.47,2.6,6.43,75,No
EMP1297,29,Engineering,Chennai,8,95481.95,8.29,7.4,5.46,100,No
EMP1186,34,Finance,Chennai,15,114368.53,8.22,6.3,7.21,25,No
EMP1338,31,Sales,Mumbai,8,71483.77,7.52,2.9,9.42,50,No
EMP1199,30,Finance,Mumbai,9,89187.73,6.58,14.1,4.62,0,Yes
EMP1456,37,Engineering,Hyderabad,19,151308.24,8.95,4.3,7.14,25,No
EMP1121,35,Finance,Bangalore,12,109345.81,5.23,18.7,3.84,75,No
EMP1468,44,Engineering,Pune,19,159005.48,9.87,1.4,7.14,50,No
EMP1433,27,Engineering,Hyderabad,6,83923.48,3.81,0.6,7.28,75,Yes
EMP1307,30,Sales,Hyderabad,7,63409.2,6.6,1.2,7.91,75,No
EMP1461,48,Marketing,Bangalore,28,145859.09,7.75,0.1,6.78,100,No
EMP1158,21,Engineering,Hyderabad,0,36096.11,4.79,1.2,6.32,0,No
EMP1085,33,Sales,Delhi,11,79418.01,6.46,4.0,7.14,75,No
EMP1225,49,Engineering,Chennai,30,216652.86,9.84,0.7,5.5,75,No
EMP1262,34,Engineering,Pune,12,103626.57,8.16,14.5,7.85,100,No
EMP1331,34,Finance,Hyderabad,13,109555.19,7.32,2.2,6.89,50,No
EMP1412,26,Operations,Pune,2,22973.93,6.02,2.2,7.84,25,No
EMP1076,29,Finance,Bangalore,7,71903.35,5.14,2.3,9.53,100,No
EMP1390,29,Operations,Chennai,7,60698.04,9.08,0.7,8.99,50,No
EMP1375,42,Sales,Chennai,23,141285.49,8.25,7.1,5.2,50,No
EMP1087,43,Marketing,Pune,23,126488.04,7.3,8.3,6.15,25,No
EMP1067,37,Finance,Hyderabad,21,147509.57,7.7,3.2,8.33,50,No
EMP1182,21,Operations,Chennai,0,31598.74,3.67,10.4,7.3,100,No
EMP1105,27,Engineering,Pune,10,105138.62,5.57,4.4,5.26,25,No
EMP1449,33,Engineering,Chennai,10,92757.78,7.45,0.8,7.66,75,No
EMP1049,33,Engineering,Hyderabad,11,,7.72,3.6,,50,No
EMP1382,30,Marketing,Mumbai,9,71399.97,8.58,4.6,,75,Yes
EMP1005,34,Engineering,,15,124188.35,9.55,0.8,6.54,0,No
EMP1017,40,Marketing,Chennai,15,99113.77,7.65,3.6,7.14,50,No
EMP1234,31,Engineering,Bangalore,7,80089.76,8.71,4.1,7.61,100,No
EMP1404,39,Sales,Delhi,18,113750.48,,2.6,9.75,50,No
EMP1494,36,Sales,Chennai,16,105841.71,7.77,1.2,6.55,100,No
EMP1106,38,Sales,Mumbai,15,95714.49,7.89,9.0,6.56,0,No
EMP1134,21,Operations,Mumbai,2,36866.04,6.83,0.7,10.0,50,No
EMP1405,53,Finance,Pune,27,179999.84,10.0,4.1,6.18,75,No
EMP1226,33,Operations,Delhi,11,59802.36,5.97,9.6,6.41,75,No
EMP1214,40,HR,Bangalore,16,82055.1,8.62,11.0,5.82,75,No
EMP1190,32,Engineering,Pune,11,104511.8,5.83,2.1,8.13,75,No
EMP1443,27,Sales,Delhi,6,60942.74,6.52,0.4,8.06,75,No
EMP1320,31,Marketing,Delhi,13,81433.61,6.76,2.0,7.89,0,No
EMP1282,24,Sales,Bangalore,0,27026.97,5.93,1.3,8.73,50,No
EMP1029,40,Engineering,Chennai,19,149944.92,8.88,8.1,7.78,75,No
EMP1169,41,Marketing,Chennai,25,139219.49,6.86,21.6,4.4,50,No
EMP1180,41,Sales,Mumbai,21,125466.98,8.83,0.0,8.46,50,No
EMP1100,32,Engineering,Bangalore,12,109629.2,7.55,5.8,7.76,25,No
EMP1197,21,Finance,Bangalore,0,44433.2,6.1,4.1,8.04,50,No
EMP1209,32,Engineering,Mumbai,14,120059.72,7.45,0.7,7.5,75,No
EMP1135,30,Sales,Mumbai,9,70401.07,8.48,2.1,7.7,25,Yes
EMP1473,36,Finance,Hyderabad,15,120842.59,9.31,9.3,5.33,75,No
EMP1431,38,Finance,Mumbai,18,130262.51,8.19,1.4,7.84,75,No
EMP1198,21,Finance,Pune,0,38793.85,5.34,7.2,6.72,100,No
EMP1373,40,HR,Chennai,21,97134.1,8.18,9.7,8.02,25,No
EMP1166,41,Sales,Bangalore,20,127402.84,9.14,11.4,5.09,50,No
EMP1387,31,Engineering,Bangalore,10,96630.57,,0.6,7.52,100,No
EMP1136,25,Marketing,Mumbai,4,42481.97,5.63,2.9,7.5,50,Yes
EMP1285,37,Engineering,Mumbai,17,138828.36,8.74,7.4,6.26,50,No
EMP1335,21,Engineering,Bangalore,0,43875.26,5.13,5.7,6.41,75,No
EMP1131,30,Engineering,Bangalore,10,94987.0,6.29,4.8,4.8,75,No
EMP1039,30,Sales,Chennai,6,55822.92,6.64,2.6,5.85,0,Yes
EMP1215,30,Engineering,Chennai,6,63319.49,7.58,8.5,8.16,25,No
EMP1043,39,Operations,Chennai,19,109365.89,9.04,0.1,6.34,0,No
EMP1054,38,Marketing,Hyderabad,18,101529.82,9.65,2.5,8.92,0,No
EMP1477,33,Marketing,Pune,13,88019.82,7.85,7.4,6.45,50,No
EMP1299,23,Engineering,Chennai,2,51637.1,6.33,1.0,8.34,50,No
EMP1458,40,Engineering,Bangalore,20,155041.47,9.98,7.6,7.75,0,Yes
EMP1304,35,HR,Pune,14,89601.77,8.53,0.3,6.95,100,No
EMP1035,21,Finance,Mumbai,0,37385.31,5.89,1.9,,25,No
EMP1315,37,HR,Bangalore,17,94470.67,5.34,2.8,5.35,25,Yes
EMP1309,28,Engineering,Mumbai,9,91611.35,7.52,9.7,7.64,50,No
EMP1276,25,Finance,Chennai,4,,8.45,6.2,7.31,0,No
EMP1124,36,Engineering,Chennai,14,115966.81,7.51,8.0,7.1,25,No
EMP1142,30,Sales,Delhi,14,80490.99,6.51,7.8,4.83,50,Yes
EMP1110,51,Engineering,Chennai,30,211975.85,9.49,0.5,9.22,0,No
EMP1323,32,Engineering,Chennai,12,117829.54,6.43,5.1,8.36,100,No
EMP1332,35,Engineering,Pune,16,131487.29,9.79,12.2,5.89,50,No
EMP1393,27,Finance,Mumbai,7,74556.99,8.77,4.4,5.0,0,Yes
EMP1439,28,Engineering,Pune,3,727225.7132777439,7.82,0.7,10.0,50,No
EMP1107,26,Finance,,6,72371.92,6.4,5.1,7.13,0,Yes
EMP1446,31,Operations,Pune,12,78895.16,7.05,0.9,8.48,100,No
EMP1012,35,Finance,Hyderabad,12,87002.01,7.34,5.0,5.85,100,No
EMP1272,27,Finance,Mumbai,4,52357.38,6.74,3.6,6.84,100,Yes
EMP1047,28,Marketing,Chennai,9,72185.1,6.96,1.8,,100,No
EMP1203,36,Finance,Mumbai,14,107756.57,7.54,5.3,3.38,100,No
EMP1445,28,Operations,Hyderabad,9,63861.65,6.68,7.9,7.57,25,No
EMP1119,40,Marketing,Hyderabad,15,85017.36,7.62,4.5,7.76,50,No
EMP1021,21,Engineering,Bangalore,0,37389.3,6.19,0.5,7.43,50,No
EMP1402,32,Marketing,Chennai,13,79863.0,8.59,3.7,8.82,100,No
EMP1083,23,Engineering,Chennai,1,42963.61,6.78,18.3,3.97,75,Yes
EMP1130,34,Sales,Hyderabad,13,86686.31,8.67,4.6,5.29,100,No
EMP1483,35,Marketing,Chennai,14,91528.65,7.92,14.1,5.65,25,No
EMP1329,36,Engineering,Pune,16,135029.81,8.47,4.6,7.32,75,Yes
EMP1229,32,Marketing,Chennai,11,82156.71,7.36,3.4,,75,Yes
EMP1495,39,Sales,,19,122739.31,9.57,1.7,7.73,75,No
EMP1286,36,Sales,Hyderabad,15,95691.77,6.39,0.7,6.93,50,Yes
EMP1123,33,Engineering,Bangalore,13,114500.31,8.42,2.4,,75,No
EMP1033,46,Operations,Chennai,26,134117.73,10.0,4.2,6.57,0,No
EMP1475,34,Operations,Pune,12,76498.59,7.79,1.4,7.48,0,No
EMP1004,31,Engineering,,9,89013.57,7.38,6.9,5.91,0,No
EMP1411,35,Operations,Chennai,11,69498.59,8.39,0.4,7.9,50,No
EMP1019,26,Engineering,Bangalore,9,92564.03,7.49,2.9,9.46,50,No
EMP1219,31,Finance,Pune,11,93671.95,8.66,10.2,6.4,25,No
EMP1379,40,Engineering,Pune,19,142458.15,7.49,2.9,9.27,0,No
EMP1304,35,HR,Pune,14,89601.77,8.53,0.3,6.95,100,No
EMP1419,42,Finance,Hyderabad,21,151037.1,10.0,4.8,9.02,75,No
EMP1356,38,Engineering,Hyderabad,14,,,3.0,6.78,50,No
EMP1149,37,Engineering,Hyderabad,17,134935.01,6.64,2.9,8.33,25,No
EMP1224,36,Engineering,Delhi,12,108427.67,6.1,1.6,7.45,50,No
EMP1247,32,Operations,Hyderabad,7,55279.01,4.83,3.7,5.64,0,No
EMP1474,21,Marketing,Bangalore,2,43359.67,4.98,1.3,8.51,25,No
EMP1151,42,Engineering,Mumbai,19,,7.99,21.1,7.83,0,No
EMP1482,27,Sales,Hyderabad,10,75750.67,6.16,5.7,6.77,75,No
EMP1317,50,Engineering,Bangalore,32,231597.72,10.0,1.7,9.78,75,No
EMP1291,32,Engineering,Pune,13,113316.83,6.43,28.1,5.06,0,Yes
EMP1233,37,Sales,Pune,17,,9.4,4.3,8.8,0,No
EMP1010,27,Engineering,Pune,7,85198.27,5.27,11.0,6.02,50,No
EMP1279,33,Finance,Mumbai,17,131603.86,8.69,7.2,5.18,100,Yes
EMP1071,31,Engineering,Chennai,9,89071.68,7.7,3.1,9.23,75,No
EMP1252,36,Finance,Hyderabad,14,124764.62,9.84,4.6,8.12,100,No
EMP1092,34,Finance,Hyderabad,14,114446.8,7.5,3.0,7.99,50,No
EMP1481,29,HR,Mumbai,10,66581.4,8.81,1.3,7.6,50,No
EMP1349,31,Marketing,Chennai,8,61004.77,7.18,3.0,5.63,50,No
EMP1415,21,Sales,Delhi,3,49058.59,6.7,1.3,6.19,75,No
EMP1374,31,Engineering,Chennai,11,99872.65,,2.2,9.39,100,No
EMP1400,42,Engineering,Hyderabad,19,150541.74,9.37,0.6,9.07,50,No
EMP1192,21,Operations,Bangalore,1,25346.1,6.13,24.0,,100,No
EMP1257,32,HR,Delhi,12,76499.62,6.94,4.0,7.2,0,No
EMP1484,38,Marketing,Hyderabad,17,97640.71,6.22,0.2,7.16,100,No
EMP1339,24,Engineering,Chennai,3,65952.18,6.97,7.9,4.92,75,No
EMP1492,36,Engineering,Mumbai,11,99995.82,,3.9,5.8,100,No
EMP1195,31,Sales,Bangalore,10,69625.5,6.73,0.2,8.14,50,No
EMP1343,37,Sales,Mumbai,16,105141.53,7.15,9.5,5.99,75,Yes
EMP1137,21,HR,Mumbai,0,17756.19,5.08,2.5,7.17,75,No
EMP1260,29,Marketing,Pune,8,62852.48,7.66,1.4,6.98,50,No
EMP1038,28,HR,Hyderabad,8,58518.86,7.78,9.5,8.36,25,No
EMP1201,37,Engineering,Mumbai,19,157939.84,7.85,51.04676026911005,7.19,50,No
EMP1470,29,Engineering,Chennai,7,82905.11,6.09,4.8,7.35,0,No
EMP1290,27,Engineering,Bangalore,8,86886.07,5.48,13.2,5.86,50,No
EMP1448,36,Sales,Chennai,16,106570.11,7.16,4.1,6.14,75,Yes
EMP1189,31,Engineering,Delhi,17,145084.84,9.05,1.1,8.88,75,No
EMP1251,38,Sales,Chennai,19,117149.2,10.0,4.9,6.11,100,No
EMP1112,30,Operations,Chennai,7,,6.19,6.1,5.53,25,No
EMP1437,43,Finance,Bangalore,23,158646.23,,22.7,1.85,50,Yes
EMP1183,37,Finance,Bangalore,19,139169.6,9.63,2.9,5.04,100,Yes
EMP1152,41,Engineering,Mumbai,22,165275.16,8.78,46.41325509472865,7.7,25,No
EMP1312,27,Engineering,Bangalore,7,76038.65,7.22,2.3,7.26,0,No
EMP1325,39,HR,Chennai,16,84917.64,7.77,5.3,10.0,75,No
EMP1191,28,Finance,Pune,7,78367.97,7.85,4.0,8.72,25,No
EMP1044,41,Engineering,Hyderabad,23,177233.79,10.0,0.1,6.83,25,No
EMP1444,46,Finance,Bangalore,23,161082.44,9.87,11.3,,100,No
EMP1275,28,Marketing,Pune,7,65625.37,7.42,2.4,8.06,25,No
EMP1006,24,Engineering,Hyderabad,1,43562.3,6.29,1.2,5.11,75,No
EMP1250,33,Engineering,Chennai,11,97973.68,8.1,7.0,5.68,0,No
EMP1311,25,Engineering,Pune,3,61365.44,6.31,13.1,5.72,25,No
EMP1075,41,HR,Bangalore,21,109557.8,8.76,8.9,5.81,100,Yes
EMP1000,38,Sales,Pune,15,86479.81,8.92,3.1,7.65,75,No
EMP1428,43,Sales,Delhi,23,136864.43,9.42,7.9,8.45,50,No
EMP1391,54,Sales,Delhi,35,188448.14,10.0,6.6,4.93,25,Yes
EMP1383,21,Finance,Pune,0,37045.35,5.5,9.9,,25,No
EMP1432,34,Marketing,Mumbai,13,82357.94,8.35,0.8,8.52,50,No
EMP1068,39,Engineering,Delhi,18,141324.49,9.04,2.9,6.25,0,No
EMP1167,21,Engineering,Pune,5,,7.74,7.5,6.59,0,Yes
EMP1392,31,Sales,Pune,9,74792.57,7.04,5.0,4.77,100,No
EMP1218,29,Marketing,Bangalore,9,,7.55,3.6,6.1,0,No
EMP1042,32,Engineering,Mumbai,13,108410.32,8.1,1.9,,100,Yes
EMP1366,33,Operations,Bangalore,14,93960.83,5.62,0.6,7.42,75,No
EMP1345,38,Marketing,Pune,16,96542.77,7.63,24.0,5.78,25,Yes
EMP1072,29,Engineering,Bangalore,10,96506.3,4.3,14.1,5.74,50,No
EMP1023,30,Sales,Hyderabad,9,73338.43,5.52,8.4,7.17,25,No
EMP1398,40,Finance,Chennai,20,140253.97,8.69,0.1,8.18,0,No
EMP1185,39,HR,Chennai,16,82219.05,5.97,2.5,8.0,0,No
EMP1348,22,Sales,Mumbai,0,32132.48,6.28,14.0,7.33,75,No
EMP1103,34,Marketing,Bangalore,11,,6.53,15.3,6.12,25,No
EMP1407,33,Engineering,Bangalore,14,116748.72,8.04,0.4,8.01,75,No
EMP1211,38,HR,Chennai,15,83532.29,6.64,2.7,7.81,25,No
EMP1067,37,Finance,Hyderabad,21,147509.57,7.7,3.2,8.33,50,No
EMP1025,21,Finance,Chennai,0,32860.42,7.12,17.1,5.68,25,Yes
EMP1196,34,HR,Hyderabad,14,80099.56,,0.7,7.63,50,No
EMP1175,41,Engineering,Bangalore,21,164525.87,8.82,0.8,8.98,50,Yes
